{"navigationBarTitleText":"预约咨询","navigationStyle":"custom","enablePullDownRefresh":true,"onReachBottomDistance":200,"usingComponents":{"h-m-filter-dropdown":"/uni_modules/HM-filterDropdown/components/HM-filterDropdown/HM-filterDropdown","uni-popup":"/uni_modules/uni-popup/components/uni-popup/uni-popup","page-container":"/components/PageContainer","navbar":"/components/Navbar","payment-reminder":"/components/PaymentReminder","key-feature-zone":"/components/KeyFeatureZone","zhixun-guide":"/components/HomePage/ZhixunGuide","consultant-item":"/components/consult/Consultant","cu-custom":"/colorui/components/cu-custom"}}