{
  "miniprogramRoot": "",
  "__compileDebugInfo__": {
    "useSummer": true
  },
  "appid": "wx086e102133b65b54",
  "setting": {
    "es6": true,
    "postcss": false,
    "compileWorklet": false,
    "minified": false,
    "uglifyFileName": false,
    "uploadWithSourceMap": true,
    "enhance": true,
    "packNpmManually": false,
    "packNpmRelationList": [],
    "minifyWXSS": true,
    "minifyWXML": true,
    "localPlugins": false,
    "disableUseStrict": false,
    "useCompilerPlugins": false,
    "condition": false,
    "swc": false,
    "disableSWC": true,
    "babelSetting": {
      "ignore": [],
      "disablePlugins": [],
      "outputPath": ""
    }
  },
  "compileType": "miniprogram",
  "simulatorPluginLibVersion": {},
  "packOptions": {
    "ignore": [],
    "include": []
  },
  "editorSetting": {}
}